10432, 08:30 - 10:30, Day I, A109,D107,D219
10435, 08:30 - 10:30, Day I, B203,A209,D218
10312, 08:30 - 10:30, Day I, D207,B310
10268, 08:30 - 10:30, Day I, D122
10536, 08:30 - 10:30, Day I, B103,B202
10433, 10:45 - 12:45, Day I, A109,D107,B203,B310
10387, 10:45 - 12:45, Day I, A209
10388, 10:45 - 12:45, Day I, D207,B103
10328, 10:45 - 12:45, Day I, D122,B202,B201,A110
10333, 10:45 - 12:45, Day I, B303,B301,B302
10434, 13:00 - 15:00, Day I, A109,D107,A302
10437, 13:00 - 15:00, Day I, B203,A209,D207
10326, 13:00 - 15:00, Day I, B103,D122,B310
10266, 13:00 - 15:00, Day I, B202,B201
10436, 15:15 - 17:15, Day I, A109,D107,D219
10329, 15:15 - 17:15, Day I, B203,A209,A302
10278, 15:15 - 17:15, Day I, D207,A102
10293, 15:15 - 17:15, Day I, B103,D122,A301
10297, 15:15 - 17:15, Day I, B310,B202,B201,D218
10318, 17:30 - 19:30, Day I, A109,D107,B203,A209,D207,B103,D122,B310,B202,B201,A110,B303,B301,B302,A210,B101,B102,D109,D108,D209,D208,A302,A102,A301,A101,A201,A202,D219,D218,D217,D216,B204,D220,D119,D118,D117,D116,B305,D120,B205,A310,B307,B306,B206,B106,A308,B104,A309,B105
10325, 08:30 - 10:30, Day II, A109,D107,B202
10267, 08:30 - 10:30, Day II, B203
10279, 08:30 - 10:30, Day II, A209,B310
10294, 08:30 - 10:30, Day II, D207,B103,D122
10295, 08:30 - 10:30, Day II, B201,A110,B303,A302
10327, 10:45 - 12:45, Day II, A109,D107,D219
10330, 10:45 - 12:45, Day II, B203,A209,A302
10281, 10:45 - 12:45, Day II, D207,B103
10272, 13:00 - 15:00, Day II, A109,D107,B310
10289, 13:00 - 15:00, Day II, B203,A209
10274, 15:15 - 17:15, Day II, A109,D107,B203,A209
10280, 15:15 - 17:15, Day II, D207,B103
10275, 17:30 - 19:30, Day II, A109,D107,B203,A209
10276, 17:30 - 19:30, Day II, D207,B103,D122
10298, 17:30 - 19:30, Day II, B310,B202,B201,D219
10282, 08:30 - 10:30, Day III, A109,D107,B203
10288, 08:30 - 10:30, Day III, A209,D207,D219
10283, 10:45 - 12:45, Day III, A109,D107,B203,A209,D207,B103,D122,B310,B202,B201,A110,B303,B301,B302,A210,B101,B102,D109,D108,D209,D208,A302,A102,A301,A101,A201,A202,D219,D218,D217,D216,B204,D220,D119,D118,D117,D116,B305,D120,B205,A310,B307,B306,B206,B106,A308,B104,A309,B105
10287, 13:00 - 15:00, Day III, A109,D107,A302
10296, 13:00 - 15:00, Day III, B203,A209
10290, 15:15 - 17:15, Day III, A109,D107
10300, 15:15 - 17:15, Day III, B203,A209,D207,B103,D219
10299, 17:30 - 19:30, Day III, A109,D107
10302, 08:30 - 10:30, Day IV, A109,D107,B203,A209,D207
